domain,ground_truth.content,ground_truth.doc_ids,ground_truth.keypoints,ground_truth.references,query.content,query.query_id,query.original_query_id,query.query_type,keypoints
Law,"2nd, June, 2023.",[400128],['The date of the court judgment was 2nd June 2023.'],"['On June 2, 2023, the Lakewood, Mayfield, Court delivered its decision on the criminal case involving X. Alvarez.']","According to the court judgment of Lakewood, Mayfield, Court, what was the date of the judgment?",404558,4558,Factual Question,[]
Law,O. Edwards.,[400128],"['O. Edwards was the chief judge in the court judgment of Lakewood, Mayfield, Court.']","['The proceedings were overseen by Chief Judge O. Edwards, supported by Judge W. Hernandez and Court Clerk H. White.']","According to the court judgment of Lakewood, Mayfield, Court, who was the chief judge?",404559,4559,Factual Question,[]
Law,A. Salazar.,[400132],"['The chief judge in the court judgment of Oakwood, Arlington, Court was A. Salazar.']","['In a landmark decision by the Oakwood, Arlington Court, businessman Z. Ruiz was found guilty of evading tax arrears recovery. The case, overseen by Chief Judge A. Salazar, centered on Mr. Ruiz’s deliberate actions to conceal financial assets.']","According to the court judgment of Oakwood, Arlington, Court, who was the chief judge?",404566,4566,Factual Question,[]
Law,"$120,000.",[400132],"['The fine imposed on Z. Ruiz according to the court judgment of Oakwood, Arlington, Court was $120,000.']","['Reflecting on the severity of these actions, the court sentenced Mr. Ruiz to five years of imprisonment and imposed a fine of $120,000, highlighting the magnitude of the evaded taxes and the orchestrated deceit.']","According to the court judgment of Oakwood, Arlington, Court, what was the fine imposed on Z. Ruiz?",404567,4567,Factual Question,[]
Law,Bahamas.,[400132],"['Z. Ruiz transferred $50,000 to the Bahamas.', 'The transfer was made to prevent recovery of owed taxes.']","['The court documented that Mr. Ruiz orchestrated a calculated transfer of $50,000 to an offshore account in the Bahamas on March 15, 2021.']","According to the court judgment of Oakwood, Arlington, Court, where did Z. Ruiz transfer $50,000 to prevent recovery of owed taxes?",404568,4568,Factual Question,[]
Law,"$40,000.",[400132],"['The value of the business equipment hidden by Z. Ruiz was $40,000.']","['During the proceedings, it was revealed that between August and October 2021, Mr. Ruiz concealed business equipment worth $40,000 in a storage unit registered under a third party’s name.']","According to the court judgment of Oakwood, Arlington, Court, what was the value of the business equipment hidden by Z. Ruiz?",404569,4569,Factual Question,[]
Law,Indian.,[400132],"[""Z. Ruiz's ethnicity was Indian according to the court judgment of Oakwood, Arlington, Court.""]","['The court documented that Mr. Ruiz, an Indian businessman, orchestrated a calculated transfer of $50,000 to an offshore account in the Bahamas on March 15, 2021.']","According to the court judgment of Oakwood, Arlington, Court, what was the ethnicity of Z. Ruiz?",404570,4570,Factual Question,[]
Law,Crime of Evading Tax Arrears Recovery.,[400133],"['T. Bennett was found guilty of the crime of evading tax arrears recovery according to the court judgment of Farmington, Vandalia, Court.']","['In a significant judgment passed by the Farmington, Vandalia, Court, T. Bennett, a Senior Financial Manager, was charged with the Crime of Financial Statement Fraud.']","According to the court judgment of Farmington, Vandalia, Court, what crime did T. Bennett commit?",404579,4579,Factual Question,[]
Law,V. Smith.,[400133],"['The chief judge in the court judgment of Farmington, Vandalia, Court was V. Smith.']","['The case, presided over by Chief Judge V. Smith, was meticulously examined.']","According to the court judgment of Farmington, Vandalia, Court, who was the chief judge?",404580,4580,Factual Question,[]
Law,"16th June, 2023.",[400133],"['The judgment date was 16th June, 2023.']","['On 16th June 2023, the court sentenced Bennett to five years of imprisonment and fined her $300,000.']","According to the court judgment of Farmington, Vandalia, Court, what was the judgment date?",404581,4581,Factual Question,[]
Law,"456 Elm Street, Vandalia.",[400133],"['The high-value property sold by T. Bennett was located at 456 Elm Street, Vandalia.']","['The defendant was accused of transferring assets, falsifying accounts, and underreporting income, alongside selling a high-value property located at 456 Elm Street, Vandalia, without disclosing it to tax authorities.']","According to the court judgment of Farmington, Vandalia, Court, what was the location of the high-value property sold by T. Bennett?",404582,4582,Factual Question,[]
Law,Senior Financial Manager.,[400133],"[""T. Bennett's occupation was Senior Financial Manager according to the court judgment of Farmington, Vandalia, Court.""]","['In a significant judgment passed by the Farmington, Vandalia, Court, T. Bennett, a Senior Financial Manager, was charged with the Crime of Financial Statement Fraud.']","According to the court judgment of Farmington, Vandalia, Court, what was the occupation of T. Bennett?",404583,4583,Factual Question,[]
Law,Self-employed consultant,[400134],"[""P. Anderson's occupation was self-employed consultant according to the court judgment of Danbury, Pinehurst, Court.""]","['Danbury, Pinehurst Court has sentenced P. Anderson, a self-employed consultant, to five years in prison and fined him $300,000 for engaging in corrupt practices.']","According to the court judgment of Danbury, Pinehurst, Court, what was P. Anderson's occupation?",404620,4620,Factual Question,[]
Law,"$50,000.",[400134],"['P. Anderson received a total of $50,000 in bribes from XYZ Construction Co. according to the court judgment of Danbury, Pinehurst, Court.']","['The prosecution’s evidence further revealed that Anderson engaged with XYZ Construction Co. in February 2023, altering audit documents for a cryptocurrency payment of $50,000.']","According to the court judgment of Danbury, Pinehurst, Court, what was the total amount of bribes P. Anderson received from XYZ Construction Co.?",404621,4621,Factual Question,[]
Law,B. Edwards.,[400134],"['The chief judge in the court judgment of Danbury, Pinehurst, Court was B. Edwards.']","['Chief Judge B. Edwards presided over the trial, underscoring the premeditated nature of the offenses and the need for a sentence that reflects both the breach of trust and the financial malfeasance involved.']","According to the court judgment of Danbury, Pinehurst, Court, who was the chief judge?",404622,4622,Factual Question,[]
Law,"$55,000.",[400134],"['P. Anderson received a bribe from DEF Services.', 'The amount of the bribe was $55,000.']","['Additionally, Anderson was implicated in accepting a $55,000 bribe from DEF Services in December 2022, ensuring the company evaded proper audit scrutiny.']","According to the court judgment of Danbury, Pinehurst, Court, what was the amount of the bribe P. Anderson received from DEF Services?",404623,4623,Factual Question,[]
Law,"74, Brighton Street, Georgetown.",[400136],"[""F. Williams's residence was 74, Brighton Street, Georgetown according to the court judgment.""]","['Williams, a former city official residing at 74, Brighton Street, Georgetown, faced charges relating to his tenure where he exploited his position to manipulate municipal contracts and city resources.']","According to the court judgment of Upton, Georgetown, Court, what was the residence of F. Williams?",404609,4609,Factual Question,[]
Law,City Engineer.,[400136],"[""F. Williams's occupation was City Engineer according to the court judgment of Upton, Georgetown, Court.""]","['Williams, a former city engineer residing at 74, Brighton Street, Georgetown, faced charges relating to his tenure where he exploited his position to manipulate municipal contracts and city resources.']","According to the court judgment of Upton, Georgetown, Court, what was the occupation of F. Williams?",404610,4610,Factual Question,[]
Law,February 2021 - November 2021.,[400136],['F. Williams manipulated the bidding process from February 2021 to November 2021.'],"[""The court examined Williams' actions, which spanned from February 2021 to November 2021, during which he manipulated the municipal contract bidding process.""]","According to the court judgment of Upton, Georgetown, Court, what was the time period during which F. Williams manipulated the bidding process?",404611,4611,Factual Question,[]
Law,Manipulated financial records.,[400136],['F. Williams manipulated financial records during March 2022.'],"['Additionally, in March 2022, Williams manipulated financial records to inflate company earnings, misleading stakeholders and regulators.']","According to the court judgment of Upton, Georgetown, Court, what was one of the behaviors F. Williams engaged in during March 2022?",404612,4612,Factual Question,[]
Medical,Severe right-sided back pain and hematuria for 2 days,[400205],"[""G. Gonzalez's chief complaint is severe right-sided back pain."", 'G. Gonzalez also reports hematuria (blood in urine) for 2 days.']","['Gonzalez, a teacher by profession, presented with severe right-sided back pain and hematuria that persisted for two days, prompting her to seek urgent medical care.']","According to the hospitalization records of Oxford General Hospital, what is G. Gonzalez's chief complaint?",406189,6189,Factual Question,[]
Medical,37.7°C,[400205],"[""G. Gonzalez's temperature during the physical examination was 37.7°C.""]","['Upon her admission to Oxford General Hospital, a thorough physical examination revealed a temperature of 37.7°C, with normal vital signs otherwise.']","According to the hospitalization records of Oxford General Hospital, what is the temperature of G. Gonzalez during the physical examination?",406190,6190,Factual Question,[]
Medical,Right renal calculi,[400205],"[""The CT scan of G. Gonzalez's abdomen showed right renal calculi.""]",['A CT scan of the abdomen confirmed the presence of right renal calculi.'],"According to the hospitalization records of Oxford General Hospital, what is the result of the CT scan of G. Gonzalez's abdomen?",406191,6191,Factual Question,[]
Medical,unmarried,[400205],['G. Gonzalez is unmarried according to the hospitalization records of Oxford General Hospital.'],"['Gonzalez, unmarried and living with her family in Oxford, has no significant surgical history except for an appendectomy at 25.']","According to the hospitalization records of Oxford General Hospital, what is the marital status of G. Gonzalez?",406192,6192,Factual Question,[]
Law,Two years of fixed-term imprisonment.,[400139],"['Y. Nelson was sentenced to two years of fixed-term imprisonment according to the judgment of Glenwood, Quailwood, Court.']","['Consequently, the court sentenced Y. Nelson to two years of fixed-term imprisonment for violating Article No. 293 of the Criminal Code.']","According to the judgment of Glenwood, Quailwood, Court, what was the sentence given to Y. Nelson?",404643,4643,Factual Question,[]
Law,L. Johnson.,[400139],"['L. Johnson was the defense lawyer for Y. Nelson according to the judgment of Glenwood, Quailwood, Court.']",['Y. Nelson was represented by defense lawyer L. Johnson from Parker & Associates during the trial.'],"According to the judgment of Glenwood, Quailwood, Court, who was the defense lawyer for Y. Nelson?",404644,4644,Factual Question,[]
Law,Chef.,[400139],"[""Y. Nelson's occupation was chef according to the judgment of Glenwood, Quailwood, Court.""]","['The charges stem from a series of public disturbances caused by Y. Nelson, a chef, between January 15 and March 12, 2023.']","According to the judgment of Glenwood, Quailwood, Court, what was the occupation of Y. Nelson?",404645,4645,Factual Question,[]
Finance,February 2021.,[400040],['The new CEO of Acme Government Solutions was appointed in February 2021.'],"['In February 2021, Acme Government Solutions appointed a new CEO.']",When was the new CEO of Acme Government Solutions appointed?,402300,2300,Factual Question,[]
Finance,"June 1, 2002.",[400040],"['Acme Government Solutions was established on June 1, 2002.']","['Established on June 1, 2002, in Washington, D.C., Acme Government Solutions has been a key player in the government services sector.']",When was Acme Government Solutions established?,402311,2311,Factual Question,[]
Finance,$6 million.,[400040],['Acme Government Solutions distributed a dividend of $6 million in January 2021.'],"['In January 2021, Acme made a bold move by distributing $6 million in dividends to its shareholders.']",How much dividend did Acme Government Solutions distribute in January 2021?,402313,2313,Factual Question,[]
Finance,April 2021.,[400040],['Acme Government Solutions announced plans to establish regional offices in three new states in April 2021.'],"['In April 2021, the company announced the establishment of regional offices in three new states.']",In which month did Acme Government Solutions announce plans to establish regional offices in three new states?,402314,2314,Factual Question,[]
Finance,A prominent technology company.,[400040],['Acme Government Solutions forged a strategic partnership with a prominent technology company in May 2021.'],"['May 2021 was pivotal for Acme as it entered into a strategic partnership with a prominent technology company, aiming to co-develop cutting-edge solutions for government agencies.']",With whom did Acme Government Solutions forge a strategic partnership in May 2021?,402315,2315,Factual Question,[]
Finance,8.67%.,[400040],['The return on equity of Acme Government Solutions was 8.67%.'],"[""Acme's return on equity was reported as 8.67%, indicating efficient utilization of shareholder funds.""]",What was the return on equity of Acme Government Solutions?,402316,2316,Factual Question,[]
Finance,"January, 2018.",[400042],['The corporate governance policy of Advanced Manufacturing Solutions Inc. was revised in January 2018.'],"['In January 2018, Advanced Manufacturing Solutions Inc. underwent a revision of its corporate governance policies, leading to a series of sub-events that further strengthened its governance practices.']",When was the corporate governance policy of Advanced Manufacturing Solutions Inc. revised?,402739,2739,Factual Question,[]
Finance,"May, 2017.",[400042],['The Whistleblower Protection Policy was adopted by Advanced Manufacturing Solutions Inc. in May 2017.'],"['Furthermore, in May 2017, Advanced Manufacturing Solutions Inc. adopted a Whistleblower Protection Policy, demonstrating its commitment to promoting ethical behavior and accountability.']",When was the Whistleblower Protection Policy adopted by Advanced Manufacturing Solutions Inc.?,402740,2740,Factual Question,[]
Finance,$90 million,[400042],['Advanced Manufacturing Solutions Inc. paid $90 million for the acquisition of Tech Tools Ltd.'],"['April saw the acquisition of Tech Tools Ltd. for $90 million, boosting operational capacity and market competitiveness.']",How much did Advanced Manufacturing Solutions Inc. pay for the acquisition of Tech Tools Ltd.?,402751,2751,Factual Question,[]
Finance,$25 million,[400042],['The amount of debt reduction achieved through debt restructuring in June 2017 was $25 million.'],"['In June 2017, the company underwent a debt restructuring process that saw liabilities decrease by $25 million.']",What was the amount of debt reduction achieved through debt restructuring in June 2017?,402752,2752,Factual Question,[]
Finance,$750 million,[400042],['The total assets value of Advanced Manufacturing Solutions Inc. in 2017 was $750 million.'],"['Total assets were valued at $750 million, with liabilities at $300 million, resulting in shareholder equity of $500 million.']",What was the total assets value of Advanced Manufacturing Solutions Inc. in 2017?,402753,2753,Factual Question,[]
Finance,February 2020.,[400052],['EduCorp revised its code of conduct in February 2020.'],"['In the realm of governance, EduCorp revised its code of conduct in February 2020 to include stricter guidelines on conflicts of interest.']",When did EduCorp revise its code of conduct?,402509,2509,Factual Question,[]
Finance,March 2020.,[400052],['EduCorp conducted mandatory ethics training for all employees in March 2020.'],"['This was complemented by mandatory ethics training for all employees conducted in March 2020, underscoring its commitment to ethical business practices.']",When did EduCorp conduct mandatory ethics training for all employees?,402510,2510,Factual Question,[]
Finance,Lisa Franklin.,[400052],['Lisa Franklin was appointed as the new CEO of EduCorp in May 2020.'],"[""Leadership changes followed, with Lisa Franklin assuming the role of CEO in May 2020, poised to drive innovation and expand EduCorp's online presence.""]",Who was appointed as the new CEO of EduCorp in May 2020?,402511,2511,Factual Question,[]
Finance,Zac Brown.,[400052],['Zac Brown was appointed as a new board member of EduCorp in October 2020.'],"['October 2020 saw the addition of Zac Brown to the board, bringing invaluable insights from the education sector.']",Who was appointed as a new board member of EduCorp in October 2020?,402512,2512,Factual Question,[]
Finance,"October 1, 2005.",[400052],"['EduCorp was established on October 1, 2005.']","['EduCorp, founded on October 1, 2005, is an innovative education company headquartered in the City of Education, Country A.']",When was EduCorp established?,402523,2523,Factual Question,[]
Finance,$10 million.,[400052],['EduCorp reduced its liabilities by $10 million during the debt restructuring in March 2020.'],"['During the same period, the company restructured its debt, successfully lowering its liabilities by $10 million through effective renegotiations.']",How much did EduCorp reduce its liabilities by during the debt restructuring in March 2020?,402525,2525,Factual Question,[]
Finance,50%.,[400052],['EduCorp acquired 50% equity in Alpha Schools in April 2020.'],"[""April 2020 marked a pivotal expansion with a 50% equity acquisition in Alpha Schools, a leading K-12 institution, strengthening EduCorp's market position.""]",What percentage of equity did EduCorp acquire in Alpha Schools in April 2020?,402526,2526,Factual Question,[]
Finance,$60 million.,[400052],['EduCorp raised $60 million during the large-scale financing in May 2020.'],"[""EduCorp's financial health improved markedly, with shareholder equity standing at $300 million, supported by a $60 million capital raise in May 2020 from private investors, fueling future growth and development plans.""]",How much did EduCorp raise during the large-scale financing in May 2020?,402527,2527,Factual Question,[]
Finance,35%.,[400052],"[""EduCorp's debt to assets ratio was 35%.""]","[""In finance, EduCorp's debt ratio was maintained at a secure 35%, indicating a prudent balance between assets and liabilities.""]",What was EduCorp's debt to assets ratio?,402528,2528,Factual Question,[]
Finance,9%.,[400052],"[""EduCorp's return on equity was 9%.""]","[""As of December, EduCorp's return on equity stood at a robust 9%, reflecting efficient management of shareholder funds.""]",What was EduCorp's return on equity?,402529,2529,Factual Question,[]
Finance,"February, 2019.",[400053],['Vanguard Media Group updated its compliance and regulatory standards in February 2019.'],"[""The year began with a key update in compliance and regulatory standards in February, setting the stage for Vanguard's strategic initiatives.""]",When did Vanguard Media Group update its compliance and regulatory standards?,403154,3154,Factual Question,[]
Finance,MediaFirst Productions.,[400053],['Vanguard Media Group acquired MediaFirst Productions in April 2019.'],"[""April marked the acquisition of MediaFirst Productions, expanding Vanguard's digital capabilities and content portfolio.""]",Which company did Vanguard Media Group acquire in April 2019?,403155,3155,Factual Question,[]
Finance,"May 1, 2000.",[400053],"['Vanguard Media Group was established on May 1, 2000.']","['Initially established on May 1, 2000, the company operates across several media channels.']",When was Vanguard Media Group established?,403163,3163,Factual Question,[]
Finance,Video Mania Inc.,[400053],['Vanguard Media Group formed a strategic partnership with Video Mania Inc. in June 2019.'],"['In June, Vanguard strategically partnered with Video Mania Inc., a move that expanded its digital distribution reach and boosted its advertising revenue.']",With which company did Vanguard Media Group form a strategic partnership in June 2019?,403164,3164,Factual Question,[]
Finance,September 2019.,[400053],['Vanguard Media Group launched its streaming service in September 2019.'],"['Following this, Vanguard launched its streaming service in September 2019, offering a wide array of movies, TV shows, and exclusive content to enhance customer engagement and create new revenue streams.']",When did Vanguard Media Group launch its streaming service?,403165,3165,Factual Question,[]
Finance,$0.80 per share.,[400053],['The dividend per share distributed in July 2019 was $0.80.'],"[""The financial success of the year was further reflected in July with the distribution of a $0.80 per share dividend, showcasing Vanguard's commitment to rewarding its shareholders.""]",How much was the dividend per share distributed in July 2019?,403166,3166,Factual Question,[]
Medical,eczema.,[400183],"[""K. Moore's initial diagnosis according to the hospitalization records of Upton General Hospital is eczema.""]","['The clinical team at Upton General Hospital, led by Dr. A. Smith, initially diagnosed Moore with eczema, a common skin condition characterized by inflammation and itchiness.']","According to the hospitalization records of Upton General Hospital, what is K. Moore's initial diagnosis?",405993,5993,Factual Question,[]
Medical,Severe skin blistering.,[400183],"[""K. Moore's chief complaint is severe skin blistering.""]","['Moore, a retired teacher and widower residing at 27 Milton Street, Upton, presented with a challenging dermatological condition primarily involving severe skin blistering.']","According to the hospitalization records of Upton General Hospital, what is K. Moore's chief complaint?",405994,5994,Factual Question,[]
Medical,75.,[400183],"[""K. Moore's age is 75 according to the hospitalization records of Upton General Hospital.""]","['Upton General Hospital has been managing the case of K. Moore, a 75-year-old Caucasian female, who was admitted on the 10th of February.']","According to the hospitalization records of Upton General Hospital, what is K. Moore's age?",405995,5995,Factual Question,[]
Medical,Female.,[400183],"[""K. Moore's gender is female according to the hospitalization records of Upton General Hospital.""]","['Upton General Hospital has been managing the case of K. Moore, an 85-year-old Caucasian female.']","According to the hospitalization records of Upton General Hospital, what is K. Moore's gender?",405996,5996,Factual Question,[]
Medical,September 25th.,[400188],['The patient was admitted on September 25th.'],"['Tremont General Hospital admitted a 27-year-old male patient, L. Bailey, on September 25th, presenting with significant psychiatric symptoms.']","According to the hospitalization records of Tremont General Hospital, when was the patient admitted?",406050,6050,Factual Question,[]
Medical,His father.,[400188],"[""The historian for the patient's record is the patient's father.""]",['His father assisted in providing the medical history during admission.'],"According to the hospitalization records of Tremont General Hospital, who is the historian for the patient's record?",406051,6051,Factual Question,[]
Medical,Persistent insomnia and episodes of severe anxiety for the past month,[400188],"[""The patient's chief complaint is persistent insomnia."", 'The patient has experienced episodes of severe anxiety.', 'These symptoms have been present for the past month.']","['The patient, a software developer residing in Tremont, was reported to have been experiencing persistent insomnia and episodes of severe anxiety for the past month']","According to the hospitalization records of Tremont General Hospital, what is the patient's chief complaint?",406052,6052,Factual Question,[]
Medical,Major depressive disorder with psychotic features.,[400188],['The diagnosis given to the patient was major depressive disorder with psychotic features.'],"['Bailey’s preliminary diagnosis was adjusted to major depressive disorder with psychotic features, based on his symptom profile and mental status examination.']","According to the hospitalization records of Tremont General Hospital, what diagnosis was given to the patient?",406053,6053,Factual Question,[]
Medical,Glaucoma,[400192],"[""L. Rogers' initial diagnosis according to the hospitalization records of Knoxville General Hospital is glaucoma.""]","['Upon examination, Dr. Nelson confirmed a preliminary diagnosis of glaucoma, which was initially suspected two months prior by an optometrist.']","According to the hospitalization records of Knoxville General Hospital, what is L. Rogers' initial diagnosis?",406094,6094,Factual Question,[]
Medical,Severe headaches and eye pain for the past month.,[400192],"[""L. Rogers' chief complaint is severe headaches."", 'L. Rogers has experienced eye pain for the past month.']","['She has been experiencing severe headaches and eye pain for the past month, especially in the evenings.']","According to the hospitalization records of Knoxville General Hospital, what is L. Rogers' chief complaint?",406095,6095,Factual Question,[]
Medical,60.,[400192],"[""L. Rogers' age is 60 according to the hospitalization records of Knoxville General Hospital.""]","['L. Rogers, a 60-year-old Caucasian woman, was admitted to Knoxville General Hospital on January 6th.']","According to the hospitalization records of Knoxville General Hospital, what is L. Rogers' age?",406096,6096,Factual Question,[]
Medical,Nurse.,[400192],"[""L. Rogers' occupation is nurse according to the hospitalization records of Knoxville General Hospital.""]","['The patient, who works as a nurse in a local clinic and is married with two healthy children, has a generally healthy medical history.']","According to the hospitalization records of Knoxville General Hospital, what is L. Rogers' occupation?",406097,6097,Factual Question,[]
Finance,2017.,[400065],['The Corporate Governance Report for Green Fields Agriculture Co. is for the year 2017.'],['The Corporate Governance Report for Green Fields Agriculture Co. is from the year 2017.'],In which year is the Corporate Governance Report for Green Fields Agriculture Co.?,402159,2159,Factual Question,[]
Finance,Local environmental associations.,[400065],['Green Fields Agriculture Co. partnered with local environmental associations in September 2018.'],"[""May's Fair Trade Certification acquisition highlighted ethical practices, while June's water conservation and September's partnerships with local environmental associations reflected a commitment to sustainability.""]",With whom did Green Fields Agriculture Co. partner in September 2018?,402160,2160,Factual Question,[]
Finance,"March 18, 1996.",[400065],"['Green Fields Agriculture Co. was established on March 18, 1996.']","['Established on March 18, 1996, this publicly listed company in Ruralville, Agriprovince, focuses on the production and distribution of organic produce.']",When was Green Fields Agriculture Co. established?,402171,2171,Factual Question,[]
Finance,25%.,[400065],['Sales volume increased by 25% in January 2018 due to the new sales strategy.'],"['This was bolstered by a 25% increase in sales volume in January 2018, following a new sales strategy.']",By what percentage did sales volume increase in January 2018 due to a new sales strategy?,402172,2172,Factual Question,[]
Finance,150 acres.,[400065],['Green Fields Agriculture Co. acquired 150 acres of farmland in March 2018.'],"['Subsequently, in March, the company acquired 150 acres of farmland, aiming to reduce reliance on third-party suppliers.']",How many acres of farmland did Green Fields Agriculture Co. acquire in March 2018?,402173,2173,Factual Question,[]
Finance,10%.,[400065],['Green Fields Agriculture Co. reduced operational expenses by 10% through cost-cutting measures in April 2018.'],"['April saw a 10% reduction in operational expenses due to cost-cutting measures, contributing to profitability.']",By what percentage did Green Fields Agriculture Co. reduce operational expenses through cost-cutting measures in April 2018?,402174,2174,Factual Question,[]
Finance,Cutting-edge CRM system.,[400065],"['Green Fields Agriculture Co. implemented a cutting-edge CRM system in October 2018.', 'The CRM system was introduced to streamline operations.']","[""October's implementation of a cutting-edge CRM system streamlined operations further.""]",What system did Green Fields Agriculture Co. implement in October 2018 to streamline operations?,402175,2175,Factual Question,[]
Finance,$60 million.,[400065],['Green Fields Agriculture Co. invested $60 million in Project Green Harvest in March 2018.'],"['Growth was pursued aggressively; $60 million was invested in Project Green Harvest in March 2018, broadening business horizons.']",How much did Green Fields Agriculture Co. invest in Project Green Harvest in March 2018?,402176,2176,Factual Question,[]
Finance,$30 million.,[400065],['The total value of the asset acquisition of Fresh Field Farms completed in May 2018 was $30 million.'],['The $30 million acquisition of Fresh Field Farms in May expanded competitive reach.'],What was the total value of the asset acquisition of Fresh Field Farms completed in May 2018?,402178,2178,Factual Question,[]
Finance,Flood.,[400065],"['A natural event in August 2018 significantly reduced crop yields for Green Fields Agriculture Co.', 'The event was a flood.']","['A flood in August 2018 severely affected crop yields, underscoring vulnerability to climate change.']",What natural event in August 2018 significantly reduced crop yields for Green Fields Agriculture Co.?,402179,2179,Factual Question,[]
Finance,50%.,[400065],['Green Fields Agriculture Co. acquired 50% equity from Fertile Land Farms in September 2018.'],"['By September, acquiring 50% equity of Fertile Land Farms further solidified market presence.']",What percentage of equity did Green Fields Agriculture Co. acquire from Fertile Land Farms in September 2018?,402180,2180,Factual Question,[]
Medical,Sepsis.,[400194],"[""L. Brown's initial diagnosis is sepsis according to the hospitalization records of Ashland General Hospital.""]","['These findings, combined with his travel history, led to the initial diagnosis of sepsis.']","According to the hospitalization records of Ashland General Hospital, what is L. Brown's initial diagnosis?",406110,6110,Factual Question,[]
Medical,Severe abdominal pain and nausea.,[400194],"[""L. Brown's chief complaint is severe abdominal pain."", 'L. Brown also reports nausea.']","['Ashland General Hospital has reported a case of a 32-year-old male data analyst, L. Brown, who was admitted on March 25th with severe abdominal pain and nausea.']","According to the hospitalization records of Ashland General Hospital, what is L. Brown's chief complaint?",406111,6111,Factual Question,[]
Medical,32.,[400194],"[""L. Brown's age is 32 according to the hospitalization records of Ashland General Hospital.""]","['Ashland General Hospital has reported a case of a 32-year-old male data analyst, L. Brown, who was admitted on March 25th with severe abdominal pain and nausea.']","According to the hospitalization records of Ashland General Hospital, what is L. Brown's age?",406112,6112,Factual Question,[]
Medical,Data Analyst.,[400194],"[""L. Brown's occupation is Data Analyst according to the hospitalization records of Ashland General Hospital.""]","['Ashland General Hospital has reported a case of a 32-year-old male data analyst, L. Brown, who was admitted on March 25th with severe abdominal pain and nausea.']","According to the hospitalization records of Ashland General Hospital, what is L. Brown's occupation?",406113,6113,Factual Question,[]
Medical,Severe fatigue affecting daily life.,[400198],"[""K. Mendoza's chief complaint is severe fatigue."", 'The fatigue is significant enough to affect daily life.']","['K. Mendoza, a 33-year-old software engineer residing in Southport, was admitted to Southport General Hospital on June 20th with a primary complaint of severe fatigue that had been affecting his daily life for the past six months.']","According to the hospitalization records of Southport General Hospital, what is K. Mendoza's chief complaint?",406140,6140,Factual Question,[]
Medical,33.,[400198],"[""K. Mendoza's age is 33 according to the hospitalization records of Southport General Hospital.""]","['K. Mendoza, a 33-year-old software engineer residing in Southport, was admitted to Southport General Hospital on June 20th with a primary complaint of severe fatigue that had been affecting his daily life for the past six months.']","According to the hospitalization records of Southport General Hospital, what is K. Mendoza's age?",406141,6141,Factual Question,[]
Medical,Hispanic.,[400198],"[""K. Mendoza's ethnicity is Hispanic according to the hospitalization records of Southport General Hospital.""]","['Despite the fatigue, Mendoza, who is of Hispanic descent and married with two children, had no prior significant health issues.']","According to the hospitalization records of Southport General Hospital, what is K. Mendoza's ethnicity?",406142,6142,Factual Question,[]
Medical,Married.,[400198],"[""K. Mendoza's marital status is recorded as married in the hospitalization records of Southport General Hospital.""]","['Despite the fatigue, Mendoza, who is of Hispanic descent and married with two children, had no prior significant health issues.']","According to the hospitalization records of Southport General Hospital, what is K. Mendoza's marital status?",406143,6143,Factual Question,[]
Medical,Japanese encephalitis,[400199],"[""H. Flores's initial diagnosis is Japanese encephalitis according to the hospitalization records of Wilton General Hospital.""]","['Auxiliary examinations, including a CSF analysis, revealed elevated white blood cells, high protein levels, and low glucose, which further substantiated the diagnosis of Japanese encephalitis, ruling out other conditions such as Japanese encephalitis and common cold.']","According to the hospitalization records of Wilton General Hospital, what is H. Flores's initial diagnosis?",406148,6148,Factual Question,[]
Medical,"Chest pain, shortness of breath, and dizziness persisting for two days",[400199],"[""H. Flores's chief complaint is chest pain."", 'H. Flores also reports shortness of breath.', 'H. Flores experiences dizziness.', 'These symptoms have persisted for two days.']","['Resident of Sunnyvale Street in Wilton, Flores was brought in due to a sudden onset of chest pain, shortness of breath, and dizziness persisting for two days.']","According to the hospitalization records of Wilton General Hospital, what is H. Flores's chief complaint?",406149,6149,Factual Question,[]
Medical,85,[400199],"[""H. Flores's age is 85 according to the hospitalization records of Wilton General Hospital.""]","['Wilton General Hospital has admitted 85-year-old H. Flores, a retired teacher, who presented with alarming symptoms.']","According to the hospitalization records of Wilton General Hospital, what is H. Flores's age?",406150,6150,Factual Question,[]
Finance,March 2017,[400074],['Hudson Consumer Goods Co. reported its sustainability and social responsibility initiatives in March 2017.'],"['In March 2017, they launched various sustainability and social responsibility initiatives.']",When did Hudson Consumer Goods Co. report its sustainability and social responsibility initiatives?,403026,3026,Factual Question,[]
Finance,"May 1, 2003",[400074],"['Hudson Consumer Goods Co. was established on May 1, 2003.']","['Established on May 1, 2003, the company has consistently demonstrated growth and innovation.']",When was Hudson Consumer Goods Co. established?,403032,3032,Factual Question,[]
Finance,$450 million,[400074],['The operating income of Hudson Consumer Goods Co. in 2017 was $450 million.'],"[""The report detailed operating income for 2017 at an impressive $450 million, showcasing the company's revenue strength from its core and peripheral business activities.""]",What was the operating income of Hudson Consumer Goods Co. in 2017?,403034,3034,Factual Question,[]
Finance,$500 million,[400074],"[""Hudson Consumer Goods Co.'s total liabilities at the end of 2017 were $500 million.""]","['Total assets were valued at $1.2 billion, while liabilities stood at $500 million, indicating sound financial health with shareholder equity at $600 million.']",What were the total liabilities of Hudson Consumer Goods Co. at the end of 2017?,403035,3035,Factual Question,[]
Finance,Boston Cosmetics,[400074],"['Hudson Consumer Goods Co. acquired Boston Cosmetics.', 'The acquisition took place in January 2017.']","['Significant corporate milestones included the strategic acquisition of Boston Cosmetics in January 2017 for $45 million, bolstering their position in the cosmetics market.']",Which company did Hudson Consumer Goods Co. acquire in January 2017?,403036,3036,Factual Question,[]
Medical,"Frequent acid reflux and heartburn, especially noticeable after meals and during nighttime.",[400202],"[""H. Kim's chief complaint is frequent acid reflux and heartburn."", 'The symptoms are especially noticeable after meals and during nighttime.']","['Mr. Kim, who maintains a generally healthy lifestyle and is unmarried, reported a chief complaint of frequent acid reflux and heartburn, especially noticeable after meals and during nighttime.']","According to the hospitalization records of Princeton General Hospital, what is H. Kim's chief complaint?",406174,6174,Factual Question,[]
Medical,Gastritis,[400202],"[""The patient's preliminary diagnosis is gastritis according to the hospitalization records of Princeton General Hospital.""]",['Preliminary findings from this procedure pointed towards a diagnosis of Gastritis.'],"According to the hospitalization records of Princeton General Hospital, what is the patient's preliminary diagnosis?",406175,6175,Factual Question,[]
Medical,Unmarried,[400202],"[""The patient's marital status is unmarried.""]","['Mr. Kim, who maintains a generally healthy lifestyle and is unmarried, reported a chief complaint of frequent acid reflux and heartburn, especially noticeable after meals and during nighttime.']","According to the hospitalization records of Princeton General Hospital, what is the patient's marital status?",406176,6176,Factual Question,[]
Medical,"72, Main street, Princeton",[400202],"[""The patient's address is 72, Main street, Princeton.""]","['Princeton General Hospital has recently admitted H. Kim, a 48-year-old software engineer residing at 72, Main street, Princeton, due to health complications that started approximately two weeks ago.']","According to the hospitalization records of Princeton General Hospital, what is the patient's address?",406177,6177,Factual Question,[]
Medical,Cholecystitis.,[400204],"[""C. Cruz's initial diagnosis is cholecystitis.""]","[""The hospital's preliminary diagnosis initially considered cholecystitis, but further examinations ruled it out due to lack of upper abdominal pain.""]","According to the hospitalization records of Indianola General Hospital, what is C. Cruz's initial diagnosis?",406197,6197,Factual Question,[]
Medical,Severe headache and dizziness for 2 days.,[400204],"[""C. Cruz's chief complaint is severe headache."", 'C. Cruz also reports dizziness.', 'The symptoms have persisted for 2 days.']","[""Upon arrival, Ms. Cruz's primary complaint was a severe headache and dizziness that began abruptly two days prior.""]","According to the hospitalization records of Indianola General Hospital, what is C. Cruz's chief complaint?",406198,6198,Factual Question,[]
Medical,70.,[400204],"[""C. Cruz's age is 70 according to the hospitalization records of Indianola General Hospital.""]","['Indianola, IA – On February 17th, Indianola General Hospital admitted 70-year-old male C. Cruz, a retired teacher.']","According to the hospitalization records of Indianola General Hospital, what is C. Cruz's age?",406199,6199,Factual Question,[]
Medical,Male.,[400204],"[""C. Cruz's gender is male according to the hospitalization records of Indianola General Hospital.""]","['Indianola, IA – On February 17th, Indianola General Hospital admitted 70-year-old male C. Cruz, a retired teacher.']","According to the hospitalization records of Indianola General Hospital, what is C. Cruz's gender?",406200,6200,Factual Question,[]
Finance,February 2021,[400075],['The Code of Conduct was revised by Culture Innovators Ltd. in February 2021.'],"['In February 2021, the company revised its Code of Conduct, providing clearer guidelines and enhancing its ethical framework.']",When was the Code of Conduct revised by Culture Innovators Ltd.?,403129,3129,Factual Question,[]
Finance,Daniel Ricciardo,[400075],['Daniel Ricciardo was appointed as the new CEO of Culture Innovators Ltd. in September 2021.'],['the appointment of Daniel Ricciardo as the new CEO in September 2021 marked a new chapter in leadership'],Who was appointed as the new CEO of Culture Innovators Ltd. in September 2021?,403130,3130,Factual Question,[]
Finance,Sara White,[400075],['Sara White joined the Board of Directors in October 2021.'],"['October 2021 saw Sara White, a noted expert in cultural innovation, joining the Board of Directors.']",Who joined the Board of Directors in October 2021?,403131,3131,Factual Question,[]
Finance,98%,[400075],['The compliance rate for information disclosure was 98%.'],"['the company reported a 98% compliance rate for information disclosure, demonstrating its commitment to transparency.']",What was the compliance rate for information disclosure?,403132,3132,Factual Question,[]
Finance,"March 1, 2008",[400075],"['Culture Innovators Ltd. was established on March 1, 2008.']","['Culture Innovators Ltd., a prominent company in the culture industry, was established on March 1, 2008, in New York, United States.']",When was Culture Innovators Ltd. established?,403141,3141,Factual Question,[]
Finance,$60 million,[400075],['The acquisition of ArtEx was valued at $60 million.'],"['In January 2021, Culture Innovators Ltd. acquired ArtEx, a museum exhibition design firm, for $60 million']",How much was the acquisition of ArtEx valued at?,403142,3142,Factual Question,[]
Finance,November 2021,[400075],['Culture Innovators Ltd. launched its online education platform in November 2021.'],"['In November 2021, Culture Innovators Ltd. launched an online education platform offering interactive educational programs.']",When did Culture Innovators Ltd. launch its online education platform?,403143,3143,Factual Question,[]
Finance,$12 million,[400075],['Culture Innovators Ltd. invested $12 million in Project ArtTech in April 2021.'],['investing $12 million in Project ArtTech in April 2021'],How much did Culture Innovators Ltd. invest in Project ArtTech in April 2021?,403144,3144,Factual Question,[]
Finance,20%,[400075],['The return on equity of Culture Innovators Ltd. was 20%.'],['The return on equity of Culture Innovators Ltd. was 20%.'],What was the return on equity of Culture Innovators Ltd.?,403145,3145,Factual Question,[]
Finance,Data Protection Policy,[400078],"['InnovateTech, Inc. enhanced its Data Protection Policy in June 2019.', 'The enhancement aimed to provide a safe mechanism for reporting suspected fraudulent activities.']","['A key initiative was the enhancement of their Data Protection Policy in June, aimed at providing a safe mechanism for reporting suspected fraudulent activities']","What policy did InnovateTech, Inc. enhance in June 2019 to provide a safe mechanism for reporting suspected fraudulent activities?",402817,2817,Factual Question,[]
Finance,Major investment in Project Ampere,[400078],"['InnovateTech, Inc. completed a major investment in Project Ampere in November 2019.']","[""November 2019 was noteworthy for the company's major investment of $20 million in Project Ampere, a cutting-edge social media analytics platform.""]","What significant corporate event did InnovateTech, Inc. complete in November 2019?",402818,2818,Factual Question,[]
Finance,NYSE,[400078],"['InnovateTech, Inc. is publicly listed on the NYSE.']","['The company specializes in developing software solutions for social networking platforms, and its growth trajectory has been remarkable since going public on the NYSE stock exchange.']","On which stock exchange is InnovateTech, Inc. publicly listed?",402831,2831,Factual Question,[]
Finance,$30 million,[400078],"['InnovateTech, Inc. raised $30 million in February 2019.']","['In the same month, InnovateTech raised $30 million through large-scale financing, fortifying its financial base for future expansion.']","How much financing did InnovateTech, Inc. raise in February 2019?",402832,2832,Factual Question,[]
Finance,Play4Fun Studios,[400078],"['InnovateTech, Inc. acquired Play4Fun Studios.', 'The acquisition amount was $60 million.', 'The acquisition took place in December 2019.']","['By the end of the year, InnovateTech acquired Play4Fun Studios, a well-known mobile gaming company, for $60 million, marking a significant expansion into the gaming industry.']","Which company did InnovateTech, Inc. acquire for $60 million in December 2019?",402833,2833,Factual Question,[]
Finance,February 2020.,[400079],['Elevate Retail Inc. launched the Sustainability Task Force in February 2020.'],"['Demonstrating commitment to sustainability, Elevate Retail launched a Sustainability Task Force in February 2020, enhancing public image and competitiveness.']",When did Elevate Retail Inc. launch the Sustainability Task Force?,402710,2710,Factual Question,[]
Finance,June 2020.,[400079],['Elevate Retail Inc. invested in renewable energy projects in June 2020.'],"['In June, Elevate Retail invested in renewable energy projects, mitigating environmental impacts and aligning with sustainable energy solutions.']",When did Elevate Retail Inc. invest in renewable energy projects?,402711,2711,Factual Question,[]
Finance,Fashion Luxury Group.,[400079],['Elevate Retail Inc. acquired 80% equity of Fashion Luxury Group in July 2020.'],"['In July 2020, Elevate Retail acquired 80% equity of Fashion Luxury Group, expanding market share in the luxury segment.']",Which company did Elevate Retail Inc. acquire 80% equity of in July 2020?,402727,2727,Factual Question,[]
Finance,$10 million.,[400079],['Elevate Retail Inc. reduced its liabilities by $10 million during the debt restructuring in August 2020.'],"['Debt restructuring in August decreased liabilities by $10 million, improving financial conditions.']",How much did Elevate Retail Inc. reduce its liabilities by during the debt restructuring in August 2020?,402728,2728,Factual Question,[]
Finance,40.00%.,[400079],['The debt ratio of Elevate Retail Inc. was 40.00%.'],['The debt ratio of Elevate Retail Inc. was 40.00%.'],What was the debt ratio of Elevate Retail Inc.?,402729,2729,Factual Question,[]
Finance,5.6%.,[400079],['The return on equity of Elevate Retail Inc. was 5.6%.'],['The return on equity of Elevate Retail Inc. was 5.6%.'],What was the return on equity of Elevate Retail Inc.?,402730,2730,Factual Question,[]
Medical,Hypothyroidism.,[400207],"[""E. Chavez's initial diagnosis is hypothyroidism.""]","['A consultation with a general practitioner a month prior to hospitalization resulted in a diagnosis of hypothyroidism, confirmed by elevated T3 and T4 levels, and suppressed TSH levels.']","According to the hospitalization records of Kingsport Medical Center, what is E. Chavez's initial diagnosis?",406213,6213,Factual Question,[]
Medical,"Palpitations, irritability, and weight gain for the past two months.",[400207],"[""E. Chavez's chief complaint is palpitations."", 'E. Chavez reports irritability.', 'E. Chavez reports weight gain for the past two months.']","['Chavez, who works as a nurse and resides in Kingsport, presented with complaints of palpitations, irritability, and notable weight gain over the past two months.']","According to the hospitalization records of Kingsport Medical Center, what is E. Chavez's chief complaint?",406214,6214,Factual Question,[]
Medical,35.,[400207],"[""E. Chavez's age is 35 according to the hospitalization records of Kingsport Medical Center.""]","['E. Chavez, a 35-year-old woman, was admitted to Kingsport Medical Center on October 1st with significant symptoms that were impacting her daily life.']","According to the hospitalization records of Kingsport Medical Center, what is E. Chavez's age?",406215,6215,Factual Question,[]
Medical,Nurse.,[400207],"[""E. Chavez's occupation is nurse according to the hospitalization records of Kingsport Medical Center.""]","['Chavez, who works as a nurse and resides in Kingsport, presented with complaints of palpitations, irritability, and notable weight gain over the past two months.']","According to the hospitalization records of Kingsport Medical Center, what is E. Chavez's occupation?",406216,6216,Factual Question,[]
Medical,Osteosarcoma.,[400213],"[""K. Ramos's initial diagnosis is osteosarcoma.""]","['Preliminary diagnoses indicate osteosarcoma, as the X-ray showed a periosteal reaction, a potential sign of this condition.']","According to the hospitalization records of Windsor General Hospital, what is K. Ramos's initial diagnosis?",406257,6257,Factual Question,[]
Medical,Persistent cough and chest pain.,[400213],"[""K. Ramos's chief complaint is a persistent cough."", 'K. Ramos also reports chest pain.']","['K. Ramos, an 83-year-old part-time librarian and resident of Windsor, Ontario, was admitted to Windsor General Hospital following a referral due to a persistent cough and chest pain.']","According to the hospitalization records of Windsor General Hospital, what is K. Ramos's chief complaint?",406258,6258,Factual Question,[]
Medical,83.,[400213],"[""K. Ramos's age is 83 according to the hospitalization records of Windsor General Hospital.""]","['K. Ramos, an 83-year-old part-time librarian and resident of Windsor, Ontario, was admitted to Windsor General Hospital following a referral due to a persistent cough and chest pain.']","According to the hospitalization records of Windsor General Hospital, what is K. Ramos's age?",406259,6259,Factual Question,[]
Medical,Part-time librarian.,[400213],"[""K. Ramos's occupation is part-time librarian according to the hospitalization records of Windsor General Hospital.""]","['K. Ramos, an 83-year-old part-time librarian and resident of Windsor, Ontario, was admitted to Windsor General Hospital following a referral due to a persistent cough and chest pain.']","According to the hospitalization records of Windsor General Hospital, what is K. Ramos's occupation?",406260,6260,Factual Question,[]
Medical,Standard neonatal vaccines within 24 hours of birth,[400214],"['M. Young received standard neonatal vaccines.', 'The vaccines were administered within 24 hours of birth.']","['Regarding immunization, the records show that standard neonatal vaccines were administered within 24 hours of birth.']","According to the hospitalization records of Richmond General Hospital, what is M. Young's immunization history?",406284,6284,Factual Question,[]
Medical,Boston.,[400214],"[""M. Young's birthplace is Boston according to the hospitalization records of Richmond General Hospital.""]","[""The Boston-born infant's condition is being managed with a treatment plan including oxygen therapy, intravenous fluids, and antibiotics.""]","According to the hospitalization records of Richmond General Hospital, what is M. Young's birthplace?",406285,6285,Factual Question,[]
Medical,35.8°C,[400214],"[""M. Young's temperature is 35.8°C according to the hospitalization records of Richmond General Hospital.""]","[""The newborn's general condition, according to the hospital records, was of a stable temperature at 35.8°C.""]","According to the hospitalization records of Richmond General Hospital, what is M. Young's temperature?",406286,6286,Factual Question,[]
Law,Crime of Embezzlement.,[400110],"['J. Thompson was found guilty of the crime of embezzlement according to the court judgment of Quarryville, Yorktown, Court.']","['The court, guided by Article 384, charged Thompson with the Crime of Money Laundering.']","According to the court judgment of Quarryville, Yorktown, Court, what was the crime committed by J. Thompson?",404381,4381,Factual Question,[]
Law,"12th, October, 2023.",[400110],['The judgment date was 12th October 2023.'],"['This judgment, finalized on October 12, 2023, follows an exhaustive investigation led by the Quarryville, Yorktown, Procuratorate.']","According to the court judgment of Quarryville, Yorktown, Court, what was the judgment date?",404382,4382,Factual Question,[]
Law,L. Thompson.,[400116],"['The chief judge in the Cedarwood, Brighton, Court judgment was L. Thompson.']","['The presiding officials included Chief Judge L. Thompson, alongside Judge K. Watson, and the court clerk, W. Hall.']","According to the court judgment of Cedarwood, Brighton, Court, who was the chief judge?",404436,4436,Factual Question,[]
Law,Nelson & Partner Law Firm.,[400116],['The defense lawyer K. Nelson belonged to Nelson & Partner Law Firm.'],"['Represented by defense lawyer K. Nelson from Nelson & Associates Law Firm, she faced serious allegations following a series of thefts.']","According to the court judgment of Cedarwood, Brighton, Court, which law firm did the defense lawyer K. Nelson belong to?",404437,4437,Factual Question,[]
Law,Hispanic.,[400116],"['The ethnicity of the defendant I. Hill was Hispanic according to the court judgment of Cedarwood, Brighton, Court.']","['Ms. Hill, born on June 28, 1969, was a hispanic female retail assistant residing at 5, Tiverton Street, Brighton.']","According to the court judgment of Cedarwood, Brighton, Court, what was the ethnicity of the defendant I. Hill?",404438,4438,Factual Question,[]
Finance,10%.,[400059],['Retail Emporium reduced its carbon emissions by 10% through energy-efficient practices.'],"['In January, Retail Emporium achieved remarkable milestones in sustainability, including a 10% reduction in carbon emissions through energy-efficient practices.']",By what percentage did Retail Emporium reduce its carbon emissions through energy-efficient practices?,402679,2679,Factual Question,[]
Finance,Mr. John Doe.,[400059],['Mr. John Doe was appointed as a new board member of Retail Emporium in July 2020.'],['The appointment of Mr. John Doe as a new board member in July brought extensive retail experience and strategic insights to the company.'],Who was appointed as a new board member of Retail Emporium in July 2020?,402682,2682,Factual Question,[]
Finance,Risk management system.,[400059],['Retail Emporium uses a risk management system to assess the effectiveness of internal controls.'],['Retail Emporium plans to strengthen its risk management system by investing in advanced tools and conducting regular assessments.'],What system does Retail Emporium have in place to assess the effectiveness of internal controls?,402688,2688,Factual Question,[]
Finance,November 2005.,[400059],['Retail Emporium was established in November 2005.'],"['Retail Emporium, a well-established retail giant, has been making significant waves in the market since its inception in November 2005 in New York, USA.']",When was Retail Emporium established?,402696,2696,Factual Question,[]
Finance,$4 million.,[400059],['Retail Emporium distributed a dividend of $4 million in January 2020.'],"['Among these was the distribution of $4 million in dividends to its shareholders in January, a move aimed at enhancing shareholder returns.']",How much dividend did Retail Emporium distribute in January 2020?,402698,2698,Factual Question,[]
Finance,Three.,[400059],['Retail Emporium opened three new stores in March 2020.'],"['The year also saw the company opening three new stores in key locations nationwide, significantly boosting its retail presence and customer outreach.']",How many new stores did Retail Emporium open in March 2020?,402699,2699,Factual Question,[]
Finance,$550 million.,[400059],"[""Retail Emporium's operating income in 2020 was $550 million.""]","[""The company's financial indicators for 2020 were strong, with an operating income of $550 million and a net profit of $50 million.""]",What was Retail Emporium's operating income in 2020?,402700,2700,Factual Question,[]
